,0
0,aaai
1,aaai_press
2,aaai_spring
3,aaron
4,abc
5,abil
6,abraham
7,absenc
8,absolut
9,abstract
10,abus
11,ac
12,academ
13,academ_degre
14,academ_integr
15,academ_misconduct
16,academ_press
17,academ_year
18,academia
19,acap
20,acceler
21,accept
22,access
23,accid
24,accompani
25,accomplish
26,account
27,accur
28,accur_quot
29,accuraci
30,achiev
31,acknowledg
32,acl
33,acm
34,acm_ieee
35,acm_multimedia
36,acm_press
37,acm_sigcomm
38,acm_sigir
39,acm_sigmetr
40,acm_sigmod
41,acm_sigplan
42,acm_special
43,acm_symposium
44,acm_transact
45,acquaint
46,acquir
47,acquisit
48,acrobat
49,act
50,action
51,activ
52,activ_messag
53,actual
54,ad
55,ada
56,adam
57,adapt
58,adapt_academ
59,addison_weslei
60,addit
61,addit_inform
62,addition
63,address
64,address_space
65,adept
66,adequ
67,adjunct
68,adjunct_professor
69,adjust
70,adm
71,admin
72,administ
73,administr
74,admiss_control
75,admit
76,adopt
77,adv
78,advanc
79,advanc_topic
80,advantag
81,adventur
82,adversari
83,advic
84,advis
85,advisor
86,advisor_prof
87,advisori_board
88,advisori_committe
89,advoc
90,aerospac
91,affair
92,affect
93,affili
94,affin
95,afraid
96,afternoon
97,ag
98,agenc
99,agenda
100,agent
101,aggreg
102,agil_manufactur
103,agre
104,agreement
105,ahead
106,aho
107,aiaa
108,aid
109,aiken
110,aim
111,air
112,air_forc
113,aircraft
114,aix
115,ajai_sethi
116,aka
117,alabama
118,alan
119,albert
120,alberta
121,alberta_canada
122,alberto
123,album
124,albuquerqu
125,alex
126,alexand
127,alfr
128,algebra
129,algebra_specif
130,algorithm
131,alias
132,align
133,alistair
134,allan
135,allen
136,allianc
137,alloc
138,alma_mater
139,alpha
140,alphabet
141,alt
142,alta_vista
143,altavista
144,altern
145,alumnus
146,alumnus_hall
147,alvin_lebeck
148,amateur_radio
149,amaz
150,ambigu
151,amend
152,amer_diwan
153,america
154,american
155,american_associ
156,american_mathemat
157,amherst
158,amherst_phone
159,ami
160,amir
161,amit_singhal
162,amount
163,amr
164,amsterdam
165,analog
166,analog_vlsi
167,analys
168,analysi
169,analysi_algorithm
170,analyst
171,analyt
172,analyz
173,ancient
174,anderson
175,anderson_hall
176,andi
177,andrea
178,andrew
179,angel
180,anim
181,ann
182,ann_arbor
183,anna_karlin
184,annal
185,annex
186,annot
187,announc
188,annual
189,annual_confer
190,annual_intern
191,annual_meet
192,annual_report
193,anonym
194,anonym_ftp
195,ansi
196,answer
197,answer_question
198,anthoni
199,anti
200,anti_gun
201,anton
202,api
203,app
204,appar
205,appeal
206,appendix
207,appl
208,applet
209,appli
210,appli_mathemat
211,appli_physic
212,applic
213,appoint
214,appoint_teach
215,appreci
216,approach
217,appropri
218,approv
219,approxim
220,approxim_algorithm
221,appt
222,apr
223,april
224,apt
225,arbitrari
226,arch
227,archetyp
228,architect
229,architectur
230,archiv
231,archiv_syllabu
232,area
233,area_expertis
234,argonn_nation
235,argu
236,argument
237,ari
238,aris
239,arithmet
240,arizona
241,arm
242,armi
243,arnold
244,arpa
245,arrai
246,arrang
247,arriv
248,art
249,arthur
250,articl
251,artifact
252,artifici
253,artifici_intellig
254,artifici_life
255,artifici_neural
256,artist
257,arvind
258,ascii
259,ascii_document
260,ashish
261,asia
262,asian
263,ask
264,ask_question
265,asm
266,aspect
267,asplo
268,ass
269,assaf_kfouri
270,assault
271,assault_weapon
272,assembl
273,assembl_languag
274,assert
275,assign
276,assign_assign
277,assign_due
278,assign_quizz
279,assist
280,assist_professor
281,assistantship
282,assoc
283,associ
284,associ_director
285,associ_editor
286,associ_professor
287,assum
288,assumpt
289,assur
290,astronomi
291,asymptot
292,asynchron
293,asynchron_circuit
294,athlet
295,atl
296,atlant
297,atlant_drive
298,atlanta
299,atlanta_georgia
300,atm
301,atm_network
302,atm_switch
303,atmospher
304,atom
305,atom_structur
306,attach
307,attack
308,attempt
309,attend
310,attent
311,attract
312,attribut
313,attribut_grammar
314,audio
315,audio_latex
316,audio_video
317,audit
318,aug
319,augment
320,august
321,austin
322,austin_austin
323,austin_texa
324,austin_usa
325,australia
326,austria
327,authent
328,author
329,auto
330,autom
331,autom_deduct
332,autom_reason
333,autom_theorem
334,automat
335,automaton
336,automaton_theori
337,automobil
338,autonom
339,autonom_agent
340,autonom_mobil
341,autumn
342,autumn_quarter
343,av
344,avail
345,avenu
346,averag
347,avl_tree
348,avoid
349,awar
350,award
351,azer_bestavro
352,babak_falsafi
353,babi
354,babylon
355,bach_helio
356,bachelor
357,bachelor_degre
358,back
359,back_dartmouth
360,back_faculti
361,back_urc
362,background
363,background_check
364,backpropag
365,backup
366,bad
367,badrinath
368,baer
369,bailei
370,baker
371,balanc
372,ball
373,baltimor
374,band
375,bandwidth
376,banerje
377,bangalor
378,bank
379,bar
380,barri
381,bart
382,base
383,base_approach
384,base_reason
385,basebal
386,basement
387,basi
388,basic
389,basic_concept
390,basketbal
391,basu
392,bayesian
393,beach
394,beal_avenu
395,beam
396,bear
397,bear_arm
398,beat
399,beauti
400,beckman
401,beer
402,begin
403,begin_class
404,beginn_guid
405,behavior
406,beij
407,beij_china
408,belief
409,bell
410,bell_hall
411,bell_lab
412,bell_laboratori
413,bellcor
414,belong
415,ben
416,benchmark
417,benefit
418,benjamin
419,benjamin_cum
420,bennett
421,berger
422,berkelei
423,berkelei_award
424,berkelei_berkelei
425,berlin
426,berman
427,bernard
428,bernstein
429,bershad
430,bet
431,beta
432,beth
433,bgsu
434,bharat
435,bias
436,bibl
437,bibliographi
438,bibtex
439,bicycl
440,big
441,bike
442,bill
443,bill_right
444,bin
445,binari
446,binari_search
447,binari_tree
448,bind
449,bio
450,biograph_inform
451,biograph_sketch
452,biographi
453,biolog
454,biologi
455,bird
456,birmingham
457,birth
458,bit
459,black
460,blank
461,bldg
462,bldg_phone
463,block
464,bloomington
465,blow
466,blue
467,blue_ribbon
468,board
469,board_director
470,bob
471,bobbi
472,bodi
473,bodi_peopl
474,boi
475,bold
476,bombai
477,bond
478,book
479,book_chapter
480,book_store
481,bookmark
482,bookstor
483,boolean
484,booth
485,boppana
486,bore
487,borland
488,born
489,boston
490,boston_internet
491,boston_univers
492,bottleneck
493,bottom
494,boulder
495,bound
496,boundari
497,bowl_green
498,box
499,box_seattl
500,brad
501,bradlei
502,brain
503,branch
504,branch_predict
505,brand
506,brazil
507,brazilian
508,break
509,breast_cancer
510,brett
511,brian
512,brian_bershad
513,brian_smith
514,bridg
515,briefli
516,bright
517,bring
518,british
519,british_columbia
520,broad
521,broad_rang
522,broadband
523,broadcast
524,brochur
525,broken
526,brook
527,brother
528,brought
529,brow
530,brown
531,browser
532,browser_support
533,bruce
534,bruce_buchanan
535,brunswick
536,bryan
537,bsc
538,bsd
539,bu
540,buffalo
541,buffalo_phone
542,buffer
543,buffer_manag
544,bug
545,bui
546,build
547,build_block
548,build_room
549,built
550,bulk
551,bulletin
552,bulletin_board
553,bunch
554,bureau
555,burger
556,burn
557,busch_campu
558,busi
559,busi_administr
560,butler
561,button
562,byte
563,byu
564,cabl
565,cach
566,cach_coher
567,cach_memori
568,cad
569,cad_tool
570,caen
571,cai
572,cal
573,calcul
574,calculu
575,calcutta
576,calendar
577,california
578,california_institut
579,california_lo
580,call
581,caltech
582,calvin
583,cam
584,cambridg
585,cambridg_mit
586,camera
587,camp
588,campaign
589,campbel
590,campu
591,canada
592,canada_phone
593,canadian
594,cancel
595,cancer
596,candid
597,candid_depart
598,canon
599,cao
600,capabl
601,capac
602,capit
603,caption
604,captur
605,car
606,card
607,care
608,career
609,carefulli
610,carei
611,carl
612,carleton
613,carlo
614,carlson
615,carnegi_mellon
616,carol
617,carolina
618,carri
619,carter
620,cartoon
621,case
622,case_base
623,case_studi
624,case_western
625,cashmer
626,castl
627,cat
628,catalog
629,catalog_descript
630,catalogu
631,catch
632,categor
633,categori
634,caus
635,causal
636,cbr
637,cc
638,cc_neu
639,cda
640,cdt
641,cecil
642,cedar
643,cell
644,cellular
645,cellular_automaton
646,censorship
647,center
648,center_box
649,centr
650,central
651,centuri
652,cepsr
653,certif
654,cgi
655,chad
656,chain
657,chair
658,chair_acm
659,chairman
660,challeng
661,champion
662,chan
663,chanc
664,chandra
665,chang
666,channel
667,chao
668,chaotic
669,chap
670,chapel_hill
671,chapter
672,chapter_chapter
673,charact
674,character
675,characterist
676,charg
677,charl
678,chart
679,chase
680,chat
681,chateau
682,cheap
683,cheat
684,cheatham
685,check
686,checker
687,checkpoint
688,chemic
689,chemic_engin
690,chemistri
691,chen
692,cheng
693,chess
694,chi
695,chicago
696,chief
697,chien
698,child
699,chile
700,chin
701,china
702,chine
703,chinook
704,chip
705,choi
706,choic
707,choos
708,chosen
709,chou
710,chow
711,chri
712,christian
713,christoph
714,chuck
715,chuck_dyer
716,chung
717,church
718,ci
719,ci_csuohio
720,ci_ksu
721,ci_uab
722,ci_ufl
723,cilk
724,cim
725,circl
726,circuit
727,circumst
728,cise
729,cise_ufl
730,citat
731,cite
732,citi
733,citizen
734,civil
735,cla
736,claim
737,clarif
738,clark
739,class
740,class_meet
741,class_mind
742,class_particip
743,class_quiz
744,class_taught
745,classic
746,classic_music
747,classif
748,classifi
749,classmat
750,classroom
751,claus
752,clean
753,clear
754,clemson
755,clemson_univers
756,cleveland
757,click
758,click_finger
759,click_send
760,client
761,client_server
762,cliff
763,climb
764,clinic
765,clinton
766,clip
767,clock
768,clock_synchron
769,close
770,close_book
771,closur
772,club
773,cluster
774,cluster_workstat
775,cmo
776,cmp
777,cmpt
778,cmput
779,cmsc
780,cmu
781,cn
782,cnn
783,co
784,coalit
785,coars_grain
786,coast
787,coauthor
788,code
789,code_gener
790,coffe
791,cognit
792,cognit_scienc
793,cohen
794,coher
795,coin
796,cole
797,collabor
798,colleagu
799,collect
800,colleg
801,colleg_art
802,colleg_park
803,colleg_station
804,colleg_william
805,collin
806,collis
807,colloquium
808,colombia
809,color
810,colorado
811,columbia
812,columbia_univers
813,column
814,combat
815,combin
816,combinator
817,combinatori
818,combinatori_optim
819,combinatori_problem
820,comfort
821,comic
822,command
823,comment
824,comment_question
825,comment_send
826,comment_suggest
827,commentari
828,commerc
829,commerci
830,commiss
831,commit
832,commit_crime
833,committe
834,common
835,common_lisp
836,commonli
837,commun
838,commun_acm
839,commun_protocol
840,comp
841,comp_lang
842,comp_sci
843,compact
844,compani
845,compar
846,comparison
847,compat
848,compcon
849,compens
850,compet
851,competit
852,compil
853,compil_runtim
854,complain
855,complet
856,complex
857,complex_theori
858,complic
859,compon
860,compos
861,composit
862,comprehens
863,compress
864,compress_postscript
865,compris
866,comput
867,comput_aid
868,comput_biologi
869,comput_geometri
870,comput_machineri
871,comput_scienc
872,computation
873,computer
874,concentr
875,concept
876,concept_format
877,conceptu
878,conceptu_cluster
879,concern
880,concert
881,conclus
882,concret
883,concurr
884,concurr_control
885,condit
886,conduct
887,conduct_research
888,conf
889,confer
890,confer_artifici
891,confid
892,configur
893,configur_manag
894,confirm
895,conflict
896,conform
897,confus
898,congest
899,congest_control
900,congress
901,conjunct
902,connect
903,connectionist
904,connectionist_model
905,consensu
906,consent_instructor
907,consequ
908,conserv
909,consid
910,consist
911,consortium
912,constant
913,constantli
914,constitut
915,constrain
916,constraint
917,constraint_base
918,constraint_satisfact
919,construct
920,constructor
921,consult
922,consum
923,cont
924,contact
925,contact_info
926,contact_inform
927,contain
928,contemporari
929,content
930,contest
931,context
932,context_free
933,continu
934,continu_medium
935,contour
936,contract
937,contrari
938,contrast
939,contribut
940,control
941,convei
942,conveni
943,convent
944,converg
945,convers
946,convert
947,convex
948,convinc
949,cook
950,cool
951,cool_link
952,cool_site
953,cool_stuff
954,cooper
955,coordin
956,cop
957,cope
958,copi
959,copper
960,copyright
961,copyright_notic
962,copyright_stanford
963,coral
964,corba
965,core
966,cornel
967,cornel_univers
968,corner
969,corp
970,corpor
971,corpu
972,corpus
973,correct
974,correctli
975,correl
976,correspond
977,cost
978,cost_effect
979,council
980,count
981,counter
982,counti
983,countri
984,coupl
985,courant_institut
986,cours
987,cours_cmput
988,cours_fall
989,cours_taught
990,coursework
991,court
992,courtesi
993,cover
994,cover_basic
995,cover_materi
996,cover_topic
997,coverag
998,cow
999,cox
1000,cp
1001,cp_cp
1002,cp_msu
1003,cpsc
1004,cpsc_cpsc
1005,cpu
1006,cra
1007,crai
1008,craig
1009,crash
1010,creat
1011,creation
1012,creativ
1013,creatur
1014,credit
1015,credit_hour
1016,cremer
1017,cricket
1018,crime
1019,crime_rate
1020,criterion
1021,critic
1022,critiqu
1023,crl
1024,cross
1025,crovella
1026,crpc
1027,crucial
1028,crypto
1029,cryptograph
1030,cryptographi
1031,cs
1032,csc
1033,csc_ncsu
1034,csci
1035,csci_introduct
1036,cscw
1037,csd
1038,cse
1039,cse_cse
1040,cse_webmast
1041,cst
1042,cube
1043,culler
1044,cultur
1045,cummington_street
1046,cup
1047,curiou
1048,current
1049,current_posit
1050,current_research
1051,current_statu
1052,curriculum
1053,curriculum_vita
1054,curv
1055,curv_surfac
1056,custom
1057,customiz
1058,cut
1059,cute
1060,cvm
1061,cwru
1062,cyber
1063,cyberspac
1064,cycl
1065,cyclic
1066,czar
1067,da
1068,da_harvard
1069,dad
1070,dag
1071,dai
1072,daili
1073,daili_new
1074,dale
1075,dalla
1076,dan
1077,dana
1078,danc
1079,danger
1080,daniel
1081,daniel_moss
1082,dark
1083,darpa
1084,dartmouth
1085,dartmouth_colleg
1086,data
1087,data_depend
1088,data_flow
1089,data_mine
1090,data_structur
1091,data_type
1092,databas
1093,databas_manag
1094,dataflow
1095,dataset
1096,date
1097,daughter
1098,dave
1099,davi
1100,davi_depart
1101,david
1102,david_dewitt
1103,david_patterson
1104,david_wood
1105,david_yate
1106,davidson
1107,davin_milun
1108,dayton_madison
1109,dayton_street
1110,dbm
1111,dc
1112,dce
1113,de
1114,dead
1115,deadlin
1116,deadlock
1117,deal
1118,dean
1119,death
1120,debat
1121,deborah
1122,debug
1123,debugg
1124,dec
1125,dec_alpha
1126,decad
1127,decemb
1128,decid
1129,decis
1130,decis_support
1131,decis_tree
1132,declar
1133,decod
1134,decompos
1135,decomposit
1136,decreas
1137,dedic
1138,deduct
1139,deduct_databas
1140,deep
1141,default
1142,defenc
1143,defend
1144,defens
1145,defin
1146,definit
1147,degre
1148,degre_electr
1149,degre_freedom
1150,del
1151,delai
1152,delet
1153,deliv
1154,deliver
1155,deliveri
1156,delta
1157,demand
1158,demmel
1159,demo
1160,democraci
1161,demonstr
1162,den
1163,deni
1164,denni
1165,denot_semant
1166,densiti
1167,depart
1168,depart_electr
1169,department
1170,department_home
1171,department_polici
1172,depend
1173,depend_graph
1174,deploi
1175,dept
1176,dept_electr
1177,depth
1178,der
1179,derek
1180,deriv
1181,descent
1182,deschut
1183,describ
1184,descript
1185,deserv
1186,design
1187,design_autom
1188,design_implement
1189,design_manufactur
1190,desir
1191,desk
1192,desktop
1193,destroi
1194,destruct
1195,detail
1196,detect
1197,determin
1198,determinist
1199,dev
1200,devi
1201,devic
1202,devot
1203,dexter
1204,dfa
1205,di
1206,diagnosi
1207,diagnost
1208,diagram
1209,dial
1210,dialog
1211,dialogu
1212,dian
1213,dick
1214,dictionari
1215,die
1216,differ
1217,differenti
1218,differenti_algebra
1219,difficult
1220,difficulti
1221,digest
1222,digit
1223,digit_audio
1224,digit_equip
1225,digit_librari
1226,digit_signal
1227,digit_video
1228,dilbert
1229,dilbert_zone
1230,dimac
1231,dimens
1232,dimension
1233,diploma
1234,dir
1235,direct
1236,directli
1237,director
1238,director_center
1239,directori
1240,dirk
1241,disabl
1242,disambigu
1243,disciplin
1244,disclaim
1245,discours
1246,discov
1247,discoveri
1248,discret
1249,discret_event
1250,discret_mathemat
1251,discret_structur
1252,discus
1253,discus_section
1254,diseas
1255,disjoint
1256,disjunct_logic
1257,disk
1258,dispatch
1259,dispers
1260,displai
1261,dissemin
1262,dissert
1263,distanc
1264,distinct
1265,distinguish
1266,distinguish_lectur
1267,distort
1268,distribut
1269,distribut_share
1270,dive
1271,diver
1272,divid
1273,divis
1274,dn
1275,dna
1276,doc
1277,doctor
1278,doctor_student
1279,document
1280,document_move
1281,document_prepar
1282,document_static
1283,dod
1284,dog
1285,doit
1286,dollar
1287,domain
1288,domain_specif
1289,domain_theori
1290,domin
1291,donald
1292,door
1293,dorr
1294,doubl
1295,doubt
1296,doug
1297,dougla
1298,download
1299,download_netscap
1300,dozen
1301,draft
1302,dram
1303,draw
1304,drawn
1305,dream
1306,drew
1307,drink
1308,drive
1309,drive_simul
1310,driven
1311,driver
1312,drop
1313,drug
1314,dsm
1315,dsp
1316,due
1317,due_date
1318,due_fri
1319,due_fridai
1320,due_mondai
1321,due_oct
1322,due_thursdai
1323,due_tue
1324,due_tuesdai
1325,due_wednesdai
1326,duke
1327,duli_credit
1328,dump
1329,durham
1330,duti
1331,dvi
1332,dvi_file
1333,dwyer
1334,dyer
1335,dylan
1336,dynam
1337,dynam_compil
1338,dynam_load
1339,ea
1340,eager
1341,earli
1342,earlier
1343,earlier_version
1344,earn
1345,earth
1346,easi
1347,easili
1348,east
1349,east_lan
1350,eastman
1351,easy
1352,eat
1353,ec
1354,econom
1355,ed
1356,ed_springer
1357,edg
1358,edinburgh
1359,edit
1360,editor
1361,editor_chief
1362,editor_ieee
1363,editor_journal
1364,editori_board
1365,edmonton
1366,edmonton_alberta
1367,edt
1368,educ
1369,educ_background
1370,educ_stanford
1371,edward
1372,edward_hall
1373,eec
1374,eec_harvard
1375,eec_tulan
1376,eec_umich
1377,effect
1378,effici
1379,effici_algorithm
1380,effort
1381,egypt
1382,eicken
1383,eighth
1384,elect
1385,electr
1386,electr_electron
1387,electr_engin
1388,electron
1389,electron_commerc
1390,electron_mail
1391,element
1392,elementari
1393,elimin
1394,eliot_moss
1395,elizabeth
1396,ellen
1397,elli
1398,elliot
1399,emac
1400,email
1401,email_address
1402,email_indiana
1403,email_nyu
1404,email_pitt
1405,email_tamu
1406,email_ualberta
1407,email_ucsd
1408,email_umd
1409,email_utexa
1410,email_wisc
1411,embed
1412,embed_system
1413,emerg
1414,emerson
1415,emphas
1416,emphasi
1417,empir
1418,emploi
1419,employ
1420,employe
1421,emul
1422,enabl
1423,encapsul
1424,encod
1425,encount
1426,encourag
1427,encrypt
1428,encyclopedia
1429,end
1430,end_end
1431,end_semest
1432,enemi
1433,energi
1434,enforc
1435,eng
1436,engag
1437,engin
1438,engin_indian
1439,engin_umich
1440,england
1441,englewood_cliff
1442,english
1443,engr
1444,engr_uki
1445,enhanc
1446,enjoi
1447,enjoy
1448,enorm
1449,enrich
1450,enrol
1451,ensembl
1452,ensur
1453,enter
1454,enterpris
1455,entertain
1456,entir
1457,entiti
1458,entiti_relationship
1459,entitl
1460,entri
1461,enumer
1462,envi
1463,environ
1464,environment
1465,eo_ncsu
1466,eopl_chapter
1467,episod
1468,equal
1469,equat
1470,equip
1471,equival
1472,eric
1473,erich
1474,erik
1475,erratum
1476,error
1477,error_correct
1478,escap
1479,espn
1480,essai
1481,essenti
1482,est
1483,estim
1484,estrin
1485,ethernet
1486,ethic
1487,eudora
1488,eugen
1489,europ
1490,european
1491,evalu
1492,evan
1493,even
1494,event
1495,eventu
1496,evid
1497,evil
1498,evolut
1499,evolutionari
1500,evolv
1501,exact
1502,exam
1503,exam_final
1504,exam_midterm
1505,examin
1506,exampl
1507,excel
1508,exchang
1509,excit
1510,exclus
1511,excus
1512,execut
1513,exercis
1514,exhibit
1515,exist
1516,exit
1517,exodu
1518,expand
1519,expans
1520,expens
1521,experi
1522,experienc
1523,experiment
1524,expert
1525,expert_system
1526,expertis
1527,explain
1528,explan
1529,explicit
1530,explicitli
1531,exploit
1532,explor
1533,expo
1534,exponenti
1535,exposur
1536,express
1537,ext
1538,ext_hour
1539,extend
1540,extend_abstract
1541,extend_version
1542,extens
1543,extens_oper
1544,extent
1545,extern
1546,extra
1547,extra_credit
1548,extract
1549,extrem
1550,ey
1551,fa_harvard
1552,fabric
1553,face
1554,face_recognit
1555,facil
1556,facilit
1557,fact
1558,fact_sheet
1559,factor
1560,factori
1561,faculti
1562,faculti_directori
1563,faculti_index
1564,faculti_member
1565,faculti_profil
1566,faculti_staff
1567,fail
1568,failur
1569,failur_detector
1570,fair
1571,fairli
1572,fall
1573,fall_instructor
1574,fall_quarter
1575,fall_semest
1576,fals
1577,famili
1578,familiar
1579,famou
1580,fan
1581,fanci
1582,fang
1583,faq
1584,farmer
1585,fashion
1586,fast
1587,faster
1588,father
1589,fault
1590,fault_toler
1591,favor
1592,favorit
1593,favorit_link
1594,favorit_quot
1595,favorit_site
1596,favourit
1597,fax
1598,fax_email
1599,fax_mail
1600,fear
1601,feasibl
1602,featur
1603,feb
1604,februari
1605,feder
1606,feder_constitut
1607,feder_govern
1608,feder_reserv
1609,feedback
1610,feel
1611,feel_free
1612,fellow
1613,fellow_american
1614,fellow_ieee
1615,fellowship
1616,felten
1617,feng
1618,ferguson
1619,ferri
1620,few
1621,fiber
1622,ficu
1623,field
1624,fight
1625,figur
1626,file
1627,filesystem
1628,fill
1629,film
1630,filter
1631,final
1632,final_exam
1633,final_examin
1634,final_grade
1635,financ
1636,financi
1637,fine
1638,fine_grain
1639,finger
1640,finger_log
1641,finish
1642,finit
1643,finit_automaton
1644,finit_element
1645,finit_state
1646,finland
1647,fire
1648,fischer
1649,fish
1650,fisher
1651,fit
1652,fix
1653,flash
1654,flat
1655,flexibl
1656,flight
1657,flip
1658,float_point
1659,floor
1660,florida
1661,flow
1662,flow_control
1663,fluid
1664,fluid_dynam
1665,fly
1666,foc
1667,focu
1668,focus
1669,fold
1670,folei
1671,folk
1672,font
1673,food
1674,foot
1675,footbal
1676,footer_comment
1677,forc
1678,ford
1679,forecast
1680,foreign
1681,forev
1682,forget
1683,fork
1684,form
1685,formal
1686,formal_method
1687,formal_semant
1688,formal_specif
1689,format
1690,formul
1691,formula
1692,forrest
1693,forthcom
1694,fortran
1695,fortran_compil
1696,fortun
1697,forum
1698,forward
1699,foster
1700,found
1701,foundat
1702,founder
1703,fourth
1704,fox
1705,fpga
1706,fractal
1707,fraction
1708,fragment
1709,frame
1710,frame_frame
1711,framework
1712,franc
1713,frank
1714,franklin
1715,freder
1716,frederick
1717,free
1718,free_speech
1719,freedom
1720,freeli
1721,freeman
1722,french
1723,frequenc
1724,frequent
1725,frequent_ask
1726,freshman
1727,fri
1728,fri_sep
1729,fridai
1730,fridai_march
1731,fridai_novemb
1732,fridai_octob
1733,fridai_septemb
1734,friedman
1735,friend
1736,friendli
1737,frog
1738,front
1739,front_end
1740,frontier
1741,ftp
1742,ftp_directori
1743,ftp_server
1744,ftp_site
1745,fulbright
1746,full
1747,full_text
1748,fulli
1749,fulli_understand
1750,fun
1751,fun_stuff
1752,function
1753,function_approxim
1754,fund
1755,fundament
1756,funni
1757,fusion
1758,futur
1759,fuzzi
1760,fuzzi_logic
1761,gain
1762,galleri
1763,gam
1764,game
1765,game_plai
1766,gamelan
1767,gamma
1768,gang
1769,gap
1770,garbag_collect
1771,garden
1772,gari
1773,gate
1774,gatech
1775,gatewai
1776,gather
1777,gator
1778,gdb
1779,geek
1780,gene
1781,genealog
1782,gener
1783,gener_purpos
1784,gener_servic
1785,genet
1786,genet_algorithm
1787,genom
1788,geograph
1789,geograph_inform
1790,geometr
1791,geometr_algorithm
1792,geometr_model
1793,geometri
1794,georg
1795,georg_mason
1796,georg_springer
1797,georg_washington
1798,georgia
1799,georgia_institut
1800,georgia_tech
1801,gerald
1802,gerald_jai
1803,gerard_salton
1804,german
1805,germani
1806,ghostscript
1807,ghostview
1808,gi
1809,gif
1810,gigabit
1811,gilman_drive
1812,git
1813,git_gvu
1814,glad
1815,glass
1816,glimps
1817,global
1818,globe
1819,glossari
1820,gnu
1821,goal
1822,god
1823,gold
1824,goldberg
1825,golden
1826,goldstein
1827,golf
1828,good
1829,good_idea
1830,good_place
1831,goodman
1832,gopher
1833,gordon
1834,gov
1835,govern
1836,goyal
1837,grace
1838,grad
1839,grad_directori
1840,grad_school
1841,grad_student
1842,grade
1843,grade_determin
1844,grade_polici
1845,gradebook
1846,grader
1847,gradient
1848,gradual
1849,graduat
1850,graduat_school
1851,graduat_student
1852,graham
1853,grai
1854,grammar
1855,grand
1856,grant
1857,grant_nsf
1858,graph
1859,graph_algorithm
1860,graph_theori
1861,graphic
1862,graphic_geometr
1863,graphic_user
1864,graphic_visual
1865,grasp
1866,great
1867,greatli
1868,greec
1869,greek
1870,green
1871,greg
1872,gregori
1873,grei
1874,ground
1875,group
1876,group_head
1877,groupwar
1878,grove
1879,grow
1880,growth
1881,guarante
1882,guard
1883,guess
1884,guest
1885,guest_editor
1886,guest_lectur
1887,guestbook
1888,guggenheim
1889,gui
1890,guid
1891,guidelin
1892,guitar
1893,gun
1894,gun_control
1895,gun_law
1896,gun_owner
1897,guo
1898,gupta
1899,gvu
1900,gvu_center
1901,gzip
1902,gzip_postscript
1903,hack
1904,hacker
1905,half
1906,hall
1907,hall_phone
1908,hall_room
1909,hampshir
1910,han
1911,hand
1912,handbook
1913,handi
1914,handicap
1915,handin
1916,handl
1917,handout
1918,handout_handout
1919,handout_syllabu
1920,handwrit_recognit
1921,hang
1922,hansen
1923,hanson
1924,hao
1925,happi
1926,hard
1927,hard_copi
1928,hard_real
1929,hardcopi
1930,hardwar
1931,hardwar_softwar
1932,harm
1933,harold
1934,harper
1935,harri
1936,harrison
1937,hart
1938,harvard
1939,harvei
1940,harvei_mudd
1941,harvest
1942,hash
1943,hash_tabl
1944,haskel
1945,hate
1946,hawaii
1947,hay
1948,hazard
1949,hci
1950,head
1951,header
1952,headlin
1953,health
1954,heap
1955,hear
1956,heard
1957,heart
1958,heavi
1959,heavili
1960,hebrew_univers
1961,heddaya
1962,hei
1963,held
1964,helen
1965,helman
1966,help
1967,hennessi
1968,henri
1969,henri_levi
1970,herman
1971,hero
1972,heterogen
1973,heurist
1974,hewlett_packard
1975,hidden
1976,hide
1977,hierarch
1978,hierarchi
1979,high
1980,high_bandwidth
1981,high_level
1982,high_order
1983,high_perform
1984,high_qualiti
1985,high_school
1986,high_speed
1987,highli
1988,highlight
1989,highwai
1990,hike
1991,hill
1992,hill_center
1993,hint
1994,hire
1995,histor
1996,histori
1997,hit
1998,hmc
1999,hobbi
2000,hockei
2001,hold
2002,hold_disk
2003,hole
2004,holi
2005,holidai
2006,home
2007,home_page
2008,home_town
2009,homepag
2010,homer
2011,hometown
2012,homework
2013,homework_ascii
2014,homework_assign
2015,homework_due
2016,homework_homework
2017,homework_solut
2018,honest
2019,hong
2020,hong_kong
2021,honor
2022,honor_award
2023,hop
2024,hope
2025,horu
2026,horwitz
2027,horwitz_rep
2028,hospit
2029,host
2030,hot
2031,hot_link
2032,hot_list
2033,hotlist
2034,hour
2035,hour_mondai
2036,hour_mwf
2037,hour_tuesdai
2038,hous
2039,household
2040,houston
2041,howard
2042,hpc
2043,hpcd
2044,hpf
2045,hr
2046,html
2047,html_format
2048,html_frame
2049,html_hypertext
2050,html_postscript
2051,html_version
2052,http
2053,http_www
2054,hua
2055,huang
2056,hudson
2057,huge
2058,hugh
2059,hui
2060,human
2061,human_factor
2062,human_interact
2063,humor
2064,hundr
2065,hunt
2066,huntington_avenu
2067,husband
2068,hybrid
2069,hypercard
2070,hypercub
2071,hypermedia
2072,hypertext
2073,hypothesi
2074,hytim
2075,ian
2076,ibm
2077,ibm_almaden
2078,ibm_watson
2079,ic
2080,ic_uci
2081,icon
2082,id
2083,idea
2084,ideal
2085,ident
2086,identif
2087,identifi
2088,idl
2089,ieee
2090,ieee_intern
2091,ieee_symposium
2092,ieee_tran
2093,ieee_transact
2094,ieee_workshop
2095,ietf
2096,ifip
2097,ifip_work
2098,ignor
2099,iii
2100,iit
2101,ijcai
2102,ill
2103,illeg
2104,illinoi
2105,illumin
2106,illus
2107,illustr
2108,ilp
2109,imag
2110,imag_algebra
2111,imag_compress
2112,imag_process
2113,imag_understand
2114,imag_video
2115,imageri
2116,imagin
2117,imielinski
2118,immedi
2119,impact
2120,impagliazzo
2121,imper
2122,imper_program
2123,implement
2124,implic
2125,implicit
2126,import
2127,import_announc
2128,import_date
2129,import_part
2130,impos
2131,imposs
2132,impress
2133,improv
2134,improv_perform
2135,includ
2136,incom
2137,incomplet
2138,incomplet_grade
2139,incorpor
2140,increas
2141,increasingli
2142,increment
2143,independ
2144,index
2145,index_html
2146,indi
2147,india
2148,indian
2149,indian_institut
2150,indiana
2151,indiana_offic
2152,indiana_univers
2153,indic
2154,indirect
2155,individu
2156,individu_faculti
2157,induct
2158,induct_logic
2159,industri
2160,inevit
2161,infer
2162,infinit
2163,influenc
2164,info
2165,infocom
2166,inform
2167,inform_apach
2168,inform_gather
2169,inform_infrastructur
2170,inform_retriev
2171,informat
2172,infoseek
2173,infrastructur
2174,inher
2175,inherit
2176,initi
2177,injuri
2178,innov
2179,input
2180,input_output
2181,inquiri
2182,inria
2183,insert
2184,insid
2185,insight
2186,inspect
2187,inspir
2188,instal
2189,instanc
2190,institut
2191,institut_technolog
2192,instruct
2193,instruct_level
2194,instruct_set
2195,instructor
2196,instructor_michael
2197,instructor_prof
2198,instructor_robert
2199,instrument
2200,insur
2201,int
2202,int_conf
2203,integ
2204,integr
2205,integr_circuit
2206,intel
2207,intel_paragon
2208,intellectu
2209,intellig
2210,intellig_agent
2211,intellig_ijcai
2212,intellig_tutor
2213,intend
2214,intens
2215,intent
2216,inter
2217,interact
2218,interchang
2219,interconnect
2220,interconnect_network
2221,interdisciplinari
2222,interest
2223,interest_includ
2224,interfac
2225,interfer
2226,intermedi
2227,intern
2228,intern_confer
2229,intern_joint
2230,intern_journal
2231,intern_symposium
2232,intern_workshop
2233,internet
2234,internet_explor
2235,internet_movi
2236,internet_resourc
2237,internetwork
2238,internship
2239,interoper
2240,interpol
2241,interpret
2242,interprocedur
2243,interprocess_commun
2244,interrupt
2245,intersect
2246,interv
2247,interview
2248,intract
2249,intro
2250,introduc
2251,introduct
2252,introduct_articl
2253,introductori
2254,intuit
2255,invari
2256,invent
2257,inventor
2258,invers
2259,invert
2260,invest
2261,investig
2262,invit
2263,invit_paper
2264,invit_talk
2265,invok
2266,involv
2267,ioanni
2268,ioannidi
2269,iowa
2270,ir
2271,iram
2272,iri
2273,irregular
2274,irregular_problem
2275,irvin
2276,isaac
2277,isbn
2278,isca
2279,isdn
2280,isi
2281,isl
2282,island
2283,ismap
2284,iso
2285,isol
2286,isr
2287,israel
2288,issu
2289,itali
2290,item
2291,iter
2292,iter_method
2293,ithaca
2294,ithaca_cornel
2295,ithaca_tel
2296,ithaca_york
2297,iue
2298,ivan
2299,jack
2300,jackson
2301,jacob
2302,jai
2303,jain
2304,jame
2305,jame_goodman
2306,jame_kuros
2307,jame_laru
2308,jame_madison
2309,jan
2310,jane
2311,januari
2312,japan
2313,japanes
2314,jason
2315,jason_robbin
2316,java
2317,java_applet
2318,java_enabl
2319,java_java
2320,javascript
2321,javasoft
2322,jazz
2323,jean
2324,jeff
2325,jefferi
2326,jeffrei
2327,jen
2328,jennif
2329,jeremi
2330,jerri
2331,jersei
2332,jesu
2333,jhu
2334,jhu_home
2335,jia
2336,jiang
2337,jim
2338,jin
2339,jing
2340,job
2341,joe
2342,joel
2343,john
2344,john_canni
2345,john_hopkin
2346,john_wilei
2347,johnson
2348,joi
2349,join
2350,join_faculti
2351,joint
2352,joint_appoint
2353,joint_confer
2354,jointli
2355,joke
2356,jolla
2357,jolla_california
2358,jolla_usa
2359,jon
2360,jonathan
2361,jone
2362,jordan
2363,jose
2364,joseph
2365,joshua
2366,journal
2367,journal_articl
2368,journal_artifici
2369,jpeg
2370,juan
2371,judg
2372,judi
2373,jul
2374,juli
2375,jump
2376,jun
2377,june
2378,junior
2379,justic
2380,justifi
2381,kai
2382,kang
2383,kansa
2384,kansa_state
2385,kaplan
2386,karen
2387,karl
2388,kasif
2389,kate
2390,katherin
2391,kathi
2392,katz
2393,kei
2394,keith
2395,keller
2396,kelli
2397,kennedi
2398,kenneth
2399,kent
2400,kent_state
2401,kernel
2402,kevin
2403,keyboard
2404,keynot_speaker
2405,keyword
2406,khoro
2407,kid
2408,kill
2409,kim
2410,kind
2411,kinemat
2412,king
2413,kit
2414,kluwer_academ
2415,knife
2416,knowledg
2417,knowledg_acquisit
2418,knowledg_base
2419,knowledg_discoveri
2420,knowledg_represent
2421,knuth
2422,korea
2423,korean
2424,krishna
2425,kumar
2426,kung
2427,kuros_towslei
2428,kurt
2429,la_cruce
2430,lab
2431,label
2432,labor
2433,laboratori
2434,laboratori_west
2435,lack
2436,lai
2437,lake
2438,lam
2439,lambda_calculu
2440,lan
2441,land
2442,landscap
2443,lane
2444,lang
2445,languag
2446,larg
2447,larg_scale
2448,larg_spar
2449,large
2450,larri
2451,laser
2452,late
2453,late_assign
2454,late_polici
2455,late_version
2456,latenc
2457,latex
2458,latex_html
2459,latex_postscript
2460,lattic
2461,laura
2462,law
2463,law_citizen
2464,law_enforc
2465,lawrenc
2466,lawrenc_erlbaum
2467,lawyer
2468,layer
2469,layout
2470,lazi
2471,lazowska
2472,lc
2473,lead
2474,leader
2475,leadership
2476,leagu
2477,learn
2478,leav
2479,leblanc
2480,lec
2481,lectur
2482,lectur_mwf
2483,lectur_note
2484,lectur_slide
2485,lectureship
2486,lederl_graduat
2487,lee
2488,left
2489,leg
2490,legal
2491,legisl
2492,lehigh
2493,lei
2494,len
2495,length
2496,leo
2497,leon
2498,leonard
2499,lesser
2500,lesson
2501,letter
2502,letter_grade
2503,leung
2504,level
2505,levi
2506,levin
2507,lewi
2508,lexic
2509,lexicon
2510,lexington
2511,li
2512,liang
2513,lib
2514,liberti
2515,librari
2516,librari_congress
2517,licens
2518,lie
2519,life
2520,life_cycl
2521,light
2522,limit
2523,lin
2524,lincoln
2525,linda
2526,lindlei_hall
2527,line
2528,linear
2529,linear_algebra
2530,linguist
2531,linguist_acl
2532,link
2533,link_uofa
2534,linux
2535,lisa
2536,lisp
2537,list
2538,listen
2539,listen_music
2540,liter
2541,literaci
2542,literatur
2543,liu
2544,live
2545,lloyd
2546,lnc
2547,lo_alamo
2548,lo_angel
2549,load
2550,load_balanc
2551,local
2552,local_area
2553,local_copi
2554,locat
2555,lock
2556,lockhe
2557,loew
2558,log
2559,logic
2560,logic_program
2561,login
2562,logist
2563,logo
2564,logo_modifi
2565,london
2566,long
2567,long_term
2568,longer
2569,loo
2570,look
2571,lookup
2572,loop
2573,lord
2574,lorenzo
2575,loss
2576,lot
2577,lou
2578,loui
2579,love
2580,low
2581,low_bound
2582,low_cost
2583,low_latenc
2584,low_level
2585,lowel
2586,lui
2587,lunch
2588,lyco
2589,lynn
2590,lynx
2591,mac
2592,mach
2593,machin
2594,machin_learn
2595,machin_translat
2596,machin_vision
2597,macintosh
2598,macro
2599,madison
2600,madison_dayton
2601,madison_usa
2602,madison_west
2603,madison_wisconsin
2604,magazin
2605,magic
2606,mail
2607,mail_address
2608,mail_gatech
2609,mail_ic
2610,mail_list
2611,mail_mcgill
2612,mail_ualberta
2613,mailbox
2614,main
2615,main_area
2616,main_memori
2617,maintain
2618,mainten
2619,major
2620,major_focu
2621,makefil
2622,male
2623,malik
2624,man
2625,man_cybernet
2626,manag
2627,mangasarian
2628,manhattan
2629,manipul
2630,manner
2631,manual
2632,manufactur
2633,manuscript
2634,map
2635,mar
2636,marc
2637,march
2638,marco
2639,mari
2640,maria
2641,marin
2642,mark
2643,mark_crovella
2644,mark_hill
2645,mark_leon
2646,market
2647,markov
2648,markov_chain
2649,markov_decis
2650,markup
2651,markup_languag
2652,marla
2653,marri
2654,marshal
2655,martin
2656,marvin
2657,maryland
2658,mascot
2659,mass
2660,massachusett
2661,massachusett_institut
2662,massiv
2663,massiv_parallel
2664,massiv_scalar
2665,master
2666,master_degre
2667,master_engin
2668,master_thesi
2669,match
2670,materi
2671,materi_cover
2672,math
2673,mathemat
2674,mathematica
2675,mathematician
2676,matlab
2677,matric
2678,matrix
2679,matt
2680,matter
2681,matthew
2682,matur
2683,max
2684,maxim
2685,maximum
2686,mbone
2687,mc
2688,mc_instructor
2689,mc_tel
2690,mccann
2691,mcgill
2692,mcgill_univers
2693,mcgraw_hill
2694,mean
2695,meant
2696,measur
2697,measur_model
2698,mechan
2699,mechan_engin
2700,medal
2701,mediat
2702,medic
2703,medic_imag
2704,medicin
2705,medium
2706,meet
2707,meet_time
2708,member
2709,member_editori
2710,membership
2711,memo
2712,memori
2713,memori_alloc
2714,memori_hierarchi
2715,memori_manag
2716,memori_multiprocessor
2717,men
2718,meng
2719,mental
2720,mention
2721,mentor
2722,menu
2723,mercer_street
2724,merg
2725,merit
2726,mesh
2727,mesh_gener
2728,messag
2729,messag_pas
2730,met
2731,meta
2732,metacrawl
2733,metal
2734,metaphor
2735,method
2736,method_solv
2737,methodolog
2738,metric
2739,mexico
2740,mexico_state
2741,meyer
2742,mi
2743,michael
2744,michael_scott
2745,michel
2746,michigan
2747,michigan_state
2748,micro
2749,microcomput
2750,microelectron
2751,microkernel
2752,microprocessor
2753,microsoft
2754,microsoft_internet
2755,microsoft_window
2756,mid
2757,mid_term
2758,middl
2759,midi
2760,midnight
2761,midterm
2762,midterm_exam
2763,midterm_examin
2764,midterm_final
2765,midterm_midterm
2766,midterm_solut
2767,migrat
2768,mike
2769,mile
2770,militari
2771,mill
2772,miller
2773,millersvil
2774,millersvil_univers
2775,milun_buffalo
2776,min
2777,mind
2778,mine
2779,mini
2780,minim
2781,minimum
2782,minneapoli
2783,minor
2784,minut
2785,mip
2786,mirank
2787,miron_livni
2788,mirror
2789,misc
2790,miscellan
2791,miscellan_link
2792,miscellani
2793,misra
2794,miss
2795,mission
2796,missouri
2797,mistak
2798,mit
2799,mit_artifici
2800,mit_press
2801,mitchel
2802,mix
2803,mobil
2804,mobil_host
2805,mobil_robot
2806,mode
2807,model
2808,moder
2809,modern
2810,modern_oper
2811,modif
2812,modifi
2813,modifi_august
2814,modifi_fri
2815,modifi_mon
2816,modifi_novemb
2817,modifi_octob
2818,modifi_septemb
2819,modifi_thu
2820,modifi_tue
2821,modifi_tuesdai
2822,modifi_wed
2823,modul
2824,modula
2825,modular
2826,mohan
2827,molecular
2828,molecular_biologi
2829,mom
2830,moment
2831,mon
2832,mon_wed
2833,mondai
2834,mondai_april
2835,mondai_decemb
2836,mondai_nov
2837,mondai_septemb
2838,mondai_thursdai
2839,mondai_tuesdai
2840,mondai_wednesdai
2841,monei
2842,monitor
2843,monoton
2844,month
2845,montreal
2846,montreal_canada
2847,montreal_quebec
2848,moon
2849,moonei
2850,moor
2851,moral
2852,morgan
2853,morgan_kaufmann
2854,morn
2855,morph
2856,morri
2857,mors
2858,mosaic
2859,moscow
2860,mother
2861,motif
2862,motion
2863,motion_plan
2864,motiv
2865,motor
2866,motorola
2867,mount
2868,mountain
2869,mous
2870,move
2871,move_perman
2872,movement
2873,movi
2874,mpeg
2875,mpeg_movi
2876,mpi
2877,msc
2878,msu
2879,mtsu
2880,mtu
2881,mud
2882,muddc
2883,mug
2884,mukesh_dalal
2885,mukherje
2886,multi
2887,multi_agent
2888,multi_dimension
2889,multi_level
2890,multi_medium
2891,multi_thread
2892,multi_user
2893,multiag_system
2894,multicast
2895,multicast_rout
2896,multicomput
2897,multidisciplinari
2898,multimedia
2899,multipl
2900,multiplex
2901,multiprocessor
2902,multiprogram
2903,multiscalar
2904,multithread
2905,multivari
2906,munich
2907,murphi
2908,murthi
2909,museum
2910,music
2911,mutual
2912,mutual_exclus
2913,mwf
2914,myer
2915,nacho
2916,name
2917,nanci
2918,narrow
2919,nasa
2920,nashvil
2921,nashvil_tennesse
2922,nation
2923,nation_academi
2924,nation_confer
2925,nation_institut
2926,nation_laboratori
2927,nation_park
2928,nation_taiwan
2929,nativ
2930,nato
2931,natur
2932,natur_languag
2933,naughton
2934,naval
2935,navath
2936,navig
2937,nba
2938,ncsa
2939,ncstrl
2940,ncsu
2941,ndsu
2942,neat
2943,nec
2944,necess
2945,necessarili
2946,need
2947,neg
2948,negat
2949,negoti
2950,neighbor
2951,neighborhood
2952,neil
2953,nelson
2954,nest
2955,net
2956,netherland
2957,netscap
2958,network
2959,network_protocol
2960,network_telecommun
2961,network_workstat
2962,neural
2963,neural_net
2964,neural_network
2965,neuron
2966,neurosci
2967,new
2968,new_group
2969,newli
2970,newsgroup
2971,newsgroup_csci
2972,newslett
2973,newspap
2974,newton
2975,nguyen
2976,nice
2977,nichola
2978,nick
2979,night
2980,nih
2981,nip
2982,nist
2983,nlp
2984,nmsu
2985,node
2986,nois
2987,noisi
2988,nondeterminist
2989,nonlinear
2990,nonmonoton_reason
2991,nonprofit_purpos
2992,noon
2993,norm
2994,normal
2995,norman
2996,north
2997,north_carolina
2998,north_holland
2999,northeastern_univers
3000,northwestern_univers
3001,notat
3002,note
3003,notic
3004,notion
3005,notr_dame
3006,nov
3007,nov_dec
3008,nov_est
3009,novel
3010,novemb
3011,nserc
3012,nsf
3013,nsf_grant
3014,ntu
3015,number
3016,number_visitor
3017,numer
3018,numer_analysi
3019,numer_linear
3020,numer_method
3021,nuprl
3022,nyc
3023,nyu
3024,nyu_phone
3025,object
3026,object_orient
3027,object_recognit
3028,observ
3029,obstacl
3030,obviou
3031,occasion
3032,occur
3033,ocean
3034,oct
3035,oct_oct
3036,octob
3037,od
3038,odd
3039,offend
3040,offer
3041,offic
3042,offic_bright
3043,offic_broadwai
3044,offic_cs
3045,offic_fax
3046,offic_gate
3047,offic_hour
3048,offic_hr
3049,offic_lsrc
3050,offic_mc
3051,offic_naval
3052,offic_phone
3053,offic_sieg
3054,offic_taylor
3055,offic_telephon
3056,offic_tmcb
3057,offic_upson
3058,offici
3059,ohio
3060,ohio_state
3061,old
3062,olin
3063,oliv
3064,olymp
3065,omega
3066,omega_test
3067,ongo
3068,onlin
3069,onlin_tutori
3070,onr
3071,ontario
3072,oodbm
3073,oop
3074,oopsla
3075,oopsla_workshop
3076,open
3077,open_book
3078,opengl
3079,oper
3080,oper_system
3081,opinion
3082,opportun
3083,oppos
3084,optic
3085,optic_interconnect
3086,optim
3087,optim_techniqu
3088,optimist
3089,option
3090,oracl
3091,order
3092,order_logic
3093,ordinari
3094,oregon
3095,org
3096,organ
3097,organiz
3098,orient
3099,origin
3100,orlando
3101,orlean
3102,orthogon
3103,osdi
3104,osf
3105,outdat
3106,outdoor
3107,outlin
3108,output
3109,outstand
3110,outstand_paper
3111,overhead
3112,overlap
3113,overload
3114,overview
3115,owner
3116,oxford
3117,oxford_street
3118,pacif
3119,pack
3120,packag
3121,packet
3122,pad
3123,page
3124,page_construct
3125,page_maintain
3126,pai
3127,pain
3128,paint
3129,pair
3130,palo_alto
3131,panel
3132,papadimitri
3133,paper
3134,paper_award
3135,paper_describ
3136,paper_doit
3137,par
3138,paradigm
3139,paradis
3140,paradyn
3141,paragraph
3142,parallel
3143,parallel_distribut
3144,parallel_process
3145,paramet
3146,parametr
3147,parent
3148,pari
3149,pari_franc
3150,park
3151,parser
3152,part
3153,parti
3154,partial
3155,partial_differenti
3156,partial_evalu
3157,particip
3158,particip_discus
3159,partit
3160,partner
3161,partnership
3162,pas
3163,pasadena
3164,pascal
3165,passag
3166,passion
3167,password
3168,past
3169,past_present
3170,past_year
3171,pat
3172,patch
3173,patent
3174,path
3175,path_plan
3176,patient
3177,patricia
3178,patrick
3179,pattern
3180,pattern_analysi
3181,pattern_match
3182,pattern_recognit
3183,patterson
3184,paul
3185,paul_cohen
3186,paul_rutger
3187,pc
3188,pda
3189,pde
3190,pdf
3191,pdt
3192,peac
3193,pearl
3194,peek
3195,peer
3196,peke_univers
3197,penalti
3198,penn
3199,pennsylvania
3200,pentium
3201,peopl
3202,peopl_bear
3203,perceiv
3204,percent
3205,percept
3206,perceptu
3207,perfect
3208,perform
3209,perform_evalu
3210,perform_predict
3211,period
3212,perl
3213,perman
3214,permiss
3215,permiss_instructor
3216,permit
3217,persist
3218,persist_object
3219,person
3220,person_info
3221,person_inform
3222,person_kirksei
3223,person_stuff
3224,personnel
3225,perspect
3226,pertain
3227,peru
3228,pete
3229,peter
3230,peter_allen
3231,peter_chen
3232,peterson
3233,petri_net
3234,pgp
3235,pgp_kei
3236,pgp_public
3237,phantom
3238,phase
3239,phd
3240,phd_candid
3241,phd_student
3242,phd_thesi
3243,phenomenon
3244,phil
3245,philadelphia
3246,philip
3247,phillip
3248,philosoph
3249,philosophi
3250,phoenix
3251,phone
3252,phone_email
3253,phone_ext
3254,phone_fax
3255,phone_mail
3256,phone_number
3257,phone_offic
3258,phone_voic
3259,photo
3260,photo_album
3261,photograph
3262,photographi
3263,phrase
3264,physic
3265,physiolog
3266,piano
3267,pic
3268,pick
3269,pictur
3270,pictur_pictur
3271,piec
3272,pierc
3273,pim
3274,pioneer
3275,pipelin
3276,piscatawai
3277,pitt
3278,pittsburgh
3279,pixel
3280,place
3281,place_visit
3282,placement
3283,plagiar
3284,plai
3285,plai_game
3286,plain_text
3287,plan
3288,plan_recognit
3289,plane
3290,planet
3291,planner
3292,plant
3293,plasma
3294,platform
3295,player
3296,pldi
3297,pleasur
3298,plot
3299,plug
3300,poem
3301,poetri
3302,point
3303,point_option
3304,point_view
3305,pointer
3306,pointer_arrai
3307,polic
3308,polic_protect
3309,polici
3310,polici_academ
3311,polit
3312,politecnico_milano
3313,poll
3314,pollack
3315,polygon
3316,polymorph
3317,polynomi
3318,polynomi_time
3319,polytechn
3320,pool
3321,poor
3322,pop
3323,popl
3324,popul
3325,popular
3326,port
3327,portabl
3328,portabl_parallel
3329,porter
3330,portion
3331,portion_cse
3332,portland
3333,portrait
3334,portugues
3335,pose
3336,posit
3337,posit_extern
3338,posix
3339,posse
3340,possibl
3341,post
3342,post_doctor
3343,post_question
3344,postal
3345,postal_address
3346,postcard
3347,postdoc
3348,postdoctor_fellow
3349,poster
3350,postscript
3351,postscript_anderson
3352,postscript_ascii
3353,postscript_audio
3354,postscript_dvi
3355,postscript_file
3356,postscript_format
3357,postscript_pdf
3358,postscript_version
3359,potenti
3360,power
3361,powerpc
3362,powerpoint
3363,powerpoint_html
3364,practic
3365,practic_experi
3366,practicum
3367,pragmat
3368,prasad
3369,prasad_victor
3370,praveen_seshadri
3371,pre
3372,precis
3373,precondit
3374,predic
3375,predic_logic
3376,predict
3377,prefer
3378,prefetch
3379,prelim
3380,preliminari
3381,preliminari_version
3382,prentic_hall
3383,prepar
3384,preprint
3385,prerequisit
3386,presenc
3387,present
3388,preserv
3389,presid
3390,presidenti_young
3391,press
3392,pressur
3393,pretti
3394,prevent
3395,preview
3396,previou
3397,previou_quarter
3398,previou_year
3399,previous
3400,price
3401,primari
3402,primari_research
3403,primari_respons
3404,primarili
3405,prime
3406,primit
3407,princ
3408,princeton
3409,princeton_univers
3410,princip
3411,princip_investig
3412,principl
3413,print
3414,printer
3415,prior
3416,prioriti
3417,prison
3418,privaci
3419,privat
3420,prize
3421,pro
3422,probabilist
3423,probabl
3424,probabl_theori
3425,probe
3426,problem
3427,problem_aris
3428,problem_set
3429,problem_solv
3430,proc
3431,proc_acm
3432,proc_ieee
3433,proc_int
3434,proc_intern
3435,proc_workshop
3436,proce
3437,procedur
3438,proceed
3439,proceed_aaai
3440,proceed_acm
3441,proceed_annual
3442,proceed_european
3443,proceed_fourth
3444,proceed_ieee
3445,proceed_intern
3446,proceed_sixth
3447,proceed_spie
3448,proceed_workshop
3449,process
3450,process_letter
3451,processor
3452,processor_alloc
3453,processor_memori
3454,processor_schedul
3455,produc
3456,product
3457,prof
3458,profession
3459,profession_activ
3460,profession_experi
3461,profession_servic
3462,professor
3463,professor_azer
3464,professor_director
3465,professor_electr
3466,professor_emeritu
3467,profici
3468,profil
3469,prog
3470,program
3471,program_committe
3472,program_languag
3473,program_slice
3474,program_walter
3475,programm
3476,progress
3477,progress_report
3478,prohibit
3479,project
3480,project_agenc
3481,project_aim
3482,prolog
3483,promis
3484,promot
3485,prompt
3486,pronounc
3487,proof
3488,propag
3489,proper
3490,properli
3491,properti
3492,propos
3493,proposit
3494,proposit_logic
3495,prospect
3496,protect
3497,protect_secur
3498,protein
3499,proteu
3500,protocol
3501,prototyp
3502,proud
3503,provabl
3504,prove
3505,prover
3506,provid
3507,provid_sourc
3508,provis
3509,proxi
3510,pst
3511,psycholog
3512,pub
3513,public
3514,public_kei
3515,publish
3516,publish_compani
3517,pul
3518,punish
3519,purchas
3520,purdu_univers
3521,pure
3522,purpos
3523,pursu
3524,push
3525,put
3526,puzzl
3527,pvm
3528,qo
3529,qual_project
3530,qualifi
3531,qualit
3532,qualit_reason
3533,qualiti
3534,qualiti_assur
3535,qualiti_servic
3536,quantifi
3537,quantit
3538,quantiz
3539,quantum
3540,quarter
3541,quarter_offer
3542,queen
3543,queri
3544,queri_languag
3545,queri_optim
3546,queri_process
3547,question
3548,question_answer
3549,question_comment
3550,question_line
3551,questionnair
3552,queue
3553,quick
3554,quick_refer
3555,quickli
3556,quicksort
3557,quicktim
3558,quiz
3559,quiz_quiz
3560,quiz_section
3561,quiz_solut
3562,quizz
3563,quot
3564,quotat
3565,race
3566,racquetbal
3567,radar
3568,radiat
3569,radic
3570,radio
3571,raghu_ramakrishnan
3572,rai
3573,raid
3574,rain
3575,rais
3576,raleigh
3577,ralph
3578,ram
3579,ramachandran
3580,ramakrishnan
3581,ramamritham
3582,randal
3583,randi
3584,randi_katz
3585,random
3586,random_algorithm
3587,rang
3588,rank
3589,rao
3590,rapid
3591,rapid_prototyp
3592,rapidli
3593,rare
3594,rate
3595,ratio
3596,ration
3597,ravi
3598,raw
3599,rc
3600,reach
3601,reach_mail
3602,reactiv
3603,read
3604,read_chapter
3605,read_newsgroup
3606,readabl
3607,reader
3608,readi
3609,readm
3610,readm_file
3611,real
3612,real_time
3613,real_world
3614,realist
3615,realiti
3616,realiz
3617,reason
3618,reason_uncertainti
3619,rebecca
3620,rec
3621,receiv
3622,receiv_bachelor
3623,receiv_credit
3624,receiv_degre
3625,receiv_phd
3626,recent
3627,recent_paper
3628,recent_public
3629,recent_talk
3630,recip
3631,recipi
3632,recit
3633,recogn
3634,recognit
3635,recommend
3636,recommend_read
3637,reconfigur
3638,reconstruct
3639,record
3640,recov
3641,recoveri
3642,recreat
3643,recruit
3644,recurr
3645,recurs
3646,recurs_function
3647,red
3648,redesign
3649,reduc
3650,reduct
3651,redund
3652,reed
3653,reengin
3654,refer
3655,refer_manual
3656,refer_materi
3657,refere
3658,refere_public
3659,referenc
3660,refin
3661,reflect
3662,refus
3663,regard
3664,regent
3665,region
3666,regist
3667,regist_alloc
3668,registr
3669,regress
3670,regul
3671,regular
3672,regular_express
3673,regularli
3674,reinforc_learn
3675,reject
3676,rel
3677,relat
3678,relat_link
3679,relationship
3680,relax
3681,releas
3682,relev
3683,reli
3684,reliabl
3685,reliabl_distribut
3686,reliabl_multicast
3687,religion
3688,reload
3689,remain
3690,remark
3691,rememb
3692,remind
3693,remot
3694,remot_procedur
3695,remot_sen
3696,remov
3697,render
3698,reness
3699,rep
3700,repair
3701,repeat
3702,replac
3703,replic
3704,report
3705,repositori
3706,repres
3707,repres_public
3708,represent
3709,reprint
3710,reproduc
3711,reproduct
3712,republ
3713,request
3714,requir
3715,requir_textbook
3716,research
3717,research_council
3718,research_focus
3719,research_group
3720,research_interest
3721,research_scientist
3722,research_summari
3723,reserv
3724,reset
3725,resid
3726,resolut
3727,resolv
3728,resort
3729,resourc
3730,resourc_alloc
3731,resourc_bound
3732,resourc_manag
3733,resourc_reserv
3734,respect
3735,respond
3736,respons
3737,rest
3738,restaur
3739,restor
3740,restrict
3741,restructur
3742,result
3743,resum
3744,resum_html
3745,resum_postscript
3746,retain
3747,retir
3748,retriev
3749,return
3750,reus
3751,reusabl
3752,reveal
3753,revers
3754,revers_engin
3755,review
3756,review_session
3757,revis
3758,revisit
3759,revolut
3760,rewrit
3761,rex
3762,rfc
3763,rice
3764,rice_univers
3765,rich
3766,richard
3767,richard_fujimoto
3768,rick
3769,ride
3770,right
3771,right_reserv
3772,rigid
3773,rigor
3774,ring
3775,risc
3776,risk
3777,risto_miikkulainen
3778,river
3779,riversid
3780,rivl
3781,road
3782,rob
3783,robbert_van
3784,robbin
3785,robert
3786,robertson
3787,robin
3788,robot
3789,robot_autom
3790,robot_vision
3791,robust
3792,rochest
3793,rock
3794,rodger
3795,roger
3796,roi
3797,role
3798,roll
3799,rom
3800,roman
3801,rome
3802,romer
3803,ron
3804,ronald
3805,room
3806,roommat
3807,root
3808,rosenberg
3809,ross
3810,rotat
3811,roth
3812,rough
3813,roughli
3814,round
3815,rout
3816,rout_algorithm
3817,router
3818,routin
3819,row
3820,royal
3821,rpc
3822,rpi
3823,ru
3824,rule
3825,rule_base
3826,runtim
3827,runtim_support
3828,russel
3829,russia
3830,russian
3831,rutger
3832,rutger_univers
3833,ruth
3834,ryan
3835,sabbat
3836,sac
3837,safe
3838,safeti
3839,sail
3840,saint
3841,sal
3842,sale
3843,salt_lake
3844,salzberg
3845,sam
3846,sampl
3847,sampl_code
3848,sampl_solut
3849,samuel
3850,san
3851,san_antonio
3852,san_bernardino
3853,san_diego
3854,san_francisco
3855,san_jose
3856,san_mateo
3857,sandi
3858,sandia
3859,sandia_nation
3860,sanjai
3861,santa
3862,santa_barbara
3863,santa_clara
3864,santa_institut
3865,sat
3866,satellit
3867,satisfi
3868,satish
3869,saturdai
3870,savitch
3871,scalabl
3872,scalabl_parallel
3873,scalar
3874,scale
3875,scan
3876,scanner
3877,scatter
3878,scenario
3879,scene
3880,schedul
3881,schema
3882,scheme
3883,scheme_repositori
3884,schemer
3885,schmidt
3886,scholar
3887,scholarship
3888,school
3889,schulzrinn
3890,schwan
3891,sci
3892,scienc
3893,scienc_depart
3894,scienc_fiction
3895,scienc_foundat
3896,scientif
3897,scientif_visual
3898,scientist
3899,scope
3900,score
3901,scott
3902,scout
3903,scp
3904,screen
3905,script
3906,sea
3907,sean
3908,search
3909,search_engin
3910,search_sort
3911,seattl
3912,seattl_usa
3913,seattl_washington
3914,sec
3915,second
3916,secondari
3917,secret
3918,secretari
3919,section
3920,section_meet
3921,section_mwf
3922,section_section
3923,sector
3924,secur
3925,seek
3926,segment
3927,select
3928,select_public
3929,select_recent
3930,sell
3931,semant
3932,semaphor
3933,semest
3934,semi
3935,semiconductor
3936,seminar
3937,sen
3938,senat
3939,send
3940,send_comment
3941,send_email
3942,send_mail
3943,send_messag
3944,senior
3945,senior_lectur
3946,sensit
3947,sensor
3948,sensor_base
3949,sensori
3950,sentenc
3951,sep
3952,sep_sep
3953,separ
3954,sept
3955,septemb
3956,seq
3957,sequenc
3958,sequenc_data
3959,sequenc_queri
3960,sequenti
3961,sequin
3962,serg
3963,seri
3964,serial
3965,serv
3966,server
3967,servic
3968,servic_provid
3969,session
3970,set
3971,sethi
3972,setup
3973,sever
3974,sfu
3975,sgi
3976,sgml
3977,shade
3978,shah
3979,shannon
3980,shape
3981,shapiro
3982,share
3983,share_memori
3984,sharewar
3985,sharma
3986,sharon
3987,sharp
3988,shavlik
3989,shaw
3990,sheet
3991,shell
3992,shield
3993,shift
3994,ship
3995,shirt
3996,shneiderman
3997,shoot
3998,shop
3999,shore
4000,short
4001,short_biographi
4002,shortest_path
4003,shot
4004,show
4005,siam
4006,siam_journal
4007,side
4008,sieg
4009,sieg_hall
4010,siemen
4011,sigact
4012,sigart
4013,sigcomm
4014,siggraph
4015,sigmetr
4016,sigmetr_confer
4017,sigmod
4018,sign
4019,sign_guestbook
4020,signal
4021,signal_process
4022,signatur
4023,signific
4024,significantli
4025,sigplan
4026,sigplan_confer
4027,sigsoft
4028,silberschatz
4029,silicon
4030,silicon_graphic
4031,silli
4032,silva
4033,simd
4034,similar
4035,simon
4036,simon_fraser
4037,simpl
4038,simpli
4039,simplif
4040,simplifi
4041,simpson
4042,simul
4043,simul_anneal
4044,simultan
4045,simultan_multithread
4046,singapor
4047,singh
4048,singl
4049,sir
4050,sister
4051,sit
4052,site
4053,situat
4054,sixth
4055,sixth_intern
4056,size
4057,size_byte
4058,sketch
4059,ski
4060,skill
4061,skin
4062,skip
4063,slave
4064,sleep
4065,slice
4066,slide
4067,slide_postscript
4068,slide_talk
4069,slightli
4070,sloan
4071,small
4072,smalltalk
4073,smart
4074,smile
4075,smith
4076,sml
4077,smooth
4078,snail_mail
4079,snapshot
4080,snep
4081,snow
4082,snyder
4083,soc
4084,soccer
4085,social
4086,societi
4087,societi_press
4088,socket
4089,soda
4090,soda_hall
4091,soft
4092,softbal
4093,softbot
4094,softwar
4095,softwar_engin
4096,softwar_evolut
4097,softwar_packag
4098,softwar_pipelin
4099,softwar_qualiti
4100,sohi
4101,solari
4102,sole
4103,solid
4104,solid_state
4105,solut
4106,solut_homework
4107,solv
4108,solv_linear
4109,solv_problem
4110,solver
4111,somedai
4112,son
4113,song
4114,sophist
4115,sort
4116,sosp
4117,soul
4118,sound
4119,sourc
4120,sourc_code
4121,south
4122,southeast
4123,southern
4124,space
4125,spain
4126,span
4127,spanish
4128,spar
4129,spar_matric
4130,spar_matrix
4131,sparc
4132,spare_time
4133,spatial
4134,speak
4135,speaker
4136,spec
4137,special
4138,special_interest
4139,special_issu
4140,special_purpos
4141,special_topic
4142,specif
4143,specif_verif
4144,spectrum
4145,specul
4146,speech
4147,speech_recognit
4148,speed
4149,speedup
4150,spencer
4151,spend
4152,spend_time
4153,spent
4154,spent_year
4155,spie
4156,spim
4157,spin
4158,spin_extens
4159,spirit
4160,spline
4161,split
4162,spoken
4163,spoken_languag
4164,sponsor
4165,sport
4166,spread
4167,spreadsheet
4168,spring
4169,spring_break
4170,spring_quarter
4171,spring_semest
4172,springer
4173,springer_verlag
4174,springfield_avenu
4175,sql
4176,squar
4177,squash
4178,src
4179,sriniva
4180,srinivasan
4181,stabil
4182,stabl
4183,stack
4184,staff
4185,stage
4186,stai
4187,stamp
4188,stan_sclaroff
4189,stand
4190,stand_armi
4191,standard
4192,stanford
4193,stanford_univers
4194,stankov
4195,stansif
4196,star
4197,star_trek
4198,start
4199,start_point
4200,stat
4201,state
4202,state_art
4203,state_univers
4204,statement
4205,statement_academ
4206,static
4207,static_dynam
4208,station
4209,statist
4210,statu
4211,statu_report
4212,steel
4213,steer
4214,stefan
4215,stein
4216,step
4217,stephen
4218,stereo
4219,steve
4220,steve_hank
4221,steven
4222,stewart
4223,stoc
4224,stochast
4225,stock
4226,stone
4227,stonebrak
4228,stop
4229,storag
4230,storag_manag
4231,storag_server
4232,store
4233,stori
4234,strang
4235,strateg
4236,strategi
4237,stream
4238,street
4239,street_madison
4240,street_york
4241,strength
4242,stress
4243,strict
4244,strictli
4245,string
4246,string_match
4247,strong
4248,strongli
4249,strongli_recommend
4250,structur
4251,stuart
4252,stuart_russel
4253,stuart_shapiro
4254,student
4255,student_withdraw
4256,studi
4257,studi_guid
4258,studio
4259,stuff
4260,stupid
4261,style
4262,style_guid
4263,subject
4264,submiss
4265,submit
4266,submit_public
4267,submit_submit
4268,subscrib
4269,subscript
4270,subsequ
4271,subset
4272,substanti
4273,substitut
4274,substrat
4275,subsystem
4276,succe
4277,success
4278,successfulli
4279,sue
4280,suffer
4281,suffici
4282,suggest
4283,suggest_comment
4284,suicid
4285,suit
4286,suitabl
4287,sullivan
4288,sum
4289,summar
4290,summari
4291,summer
4292,summer_school
4293,sun
4294,sun_microsystem
4295,sundai
4296,sung
4297,suni
4298,suno
4299,super
4300,supercomput
4301,supercomput_center
4302,superior
4303,superscalar
4304,supervis
4305,supervis_prof
4306,supervisor
4307,supplement
4308,suppli
4309,support
4310,support_cooper
4311,support_multipl
4312,suppos
4313,suprem_court
4314,surf
4315,surfac
4316,surgeri
4317,surpris
4318,survei
4319,survei_paper
4320,surviv
4321,susan
4322,susan_egger
4323,suspect
4324,sussman
4325,sutton
4326,sweden
4327,sweep
4328,swim
4329,switch
4330,switzerland
4331,sy
4332,sybas
4333,syllabu
4334,syllabu_polici
4335,symbol
4336,symmetr
4337,symmetri
4338,symp
4339,symposium
4340,symposium_foundat
4341,symposium_oper
4342,symposium_principl
4343,synchron
4344,synopsi
4345,syntact
4346,syntax
4347,syntax_semant
4348,synthes
4349,synthesi
4350,synthet
4351,syracus_univers
4352,system
4353,system_analyst
4354,systemat
4355,systol
4356,ta
4357,tabl
4358,tabl_content
4359,tactic
4360,tag
4361,tai
4362,tai_austin
4363,tail
4364,tailor
4365,taiwan
4366,talent
4367,talk
4368,tamu
4369,tanenbaum
4370,tang
4371,tao
4372,tape
4373,tar
4374,tar_file
4375,target
4376,target_machin
4377,task
4378,task_leader
4379,tast
4380,tatsuya_suda
4381,taught
4382,taylor
4383,taylor_hall
4384,tba
4385,tcl
4386,tcp
4387,teach
4388,teach_assist
4389,teach_fellow
4390,teacher
4391,team
4392,team_member
4393,tech
4394,tech_report
4395,technic
4396,technic_committe
4397,technic_report
4398,technic_staff
4399,techniqu
4400,technolog
4401,technolog_atlanta
4402,technolog_madra
4403,technolog_pasadena
4404,technolog_squar
4405,technolog_transfer
4406,tei
4407,teitelbaum
4408,tel
4409,tel_fax
4410,tele
4411,telecommun
4412,telephon
4413,telephon_fax
4414,telerobot
4415,televis
4416,tell
4417,teller
4418,telnet
4419,temperatur
4420,tempest
4421,templ
4422,templat
4423,tempor
4424,tempor_databas
4425,tempor_logic
4426,tempor_reason
4427,temporari
4428,ten
4429,tend
4430,tennesse
4431,tenni
4432,tent
4433,tent_schedul
4434,tent_syllabu
4435,tenur
4436,term
4437,term_project
4438,termin
4439,terri
4440,test
4441,test_case
4442,testabl
4443,testb
4444,tex
4445,texa
4446,text
4447,text_book
4448,text_postscript
4449,textbook
4450,textual
4451,textur
4452,thanksgiv
4453,theme
4454,theorem
4455,theorem_prove
4456,theorem_prover
4457,theoret
4458,theoret_aspect
4459,theoret_practic
4460,theori
4461,theori_practic
4462,thesi
4463,thesi_advisor
4464,thesi_propos
4465,thesi_titl
4466,thin
4467,thing
4468,think
4469,think_machin
4470,thoma
4471,thoma_henderson
4472,thoma_jefferson
4473,thompson
4474,thorsten_von
4475,thought
4476,thousand
4477,thread
4478,throughput
4479,thu
4480,thur
4481,thursdai
4482,thursdai_appoint
4483,thursdai_fridai
4484,thursdai_octob
4485,thursdai_septemb
4486,ti
4487,tick
4488,till
4489,tim
4490,time
4491,time_arrang
4492,time_permit
4493,time_place
4494,time_warp
4495,tip
4496,titl
4497,tlb
4498,tmcb
4499,toc
4500,todai
4501,todd
4502,toi
4503,token
4504,tokyo
4505,told
4506,toler
4507,tom
4508,tong
4509,toni
4510,tool
4511,toolbox
4512,toolkit
4513,top
4514,topic
4515,topic_cover
4516,topolog
4517,toronto
4518,total
4519,touch
4520,tour
4521,tower
4522,town
4523,towslei
4524,trace
4525,track
4526,trade
4527,tradeoff
4528,tradit
4529,traffic
4530,trail
4531,train
4532,tran
4533,transact
4534,transact_process
4535,transfer
4536,transform
4537,transit
4538,translat
4539,transmiss
4540,transmit
4541,transpar
4542,transport
4543,transport_protocol
4544,travel
4545,travers
4546,treadmark
4547,treat
4548,treatment
4549,trec
4550,tree
4551,trend
4552,trevor
4553,trial
4554,triangul
4555,trip
4556,trivial
4557,troi
4558,troubl
4559,true
4560,truffl
4561,trust
4562,truth
4563,trw
4564,tsinghua_univers
4565,tth
4566,tucson
4567,tue
4568,tue_thu
4569,tue_thur
4570,tuesdai
4571,tuesdai_april
4572,tuesdai_decemb
4573,tuesdai_novemb
4574,tuesdai_octob
4575,tuesdai_thursdai
4576,tuesdai_wednesdai
4577,tuft
4578,tulan
4579,tulan_univers
4580,tune
4581,tunnel
4582,tupl
4583,ture_machin
4584,turkei
4585,turn
4586,turn_submit
4587,turner
4588,tuth
4589,tutor
4590,tutori
4591,tutori_html
4592,twenti
4593,twin
4594,txt
4595,type
4596,typic
4597,ualberta
4598,ubiquit
4599,uc
4600,ucdavi_modifi
4601,uci
4602,ucla
4603,ucr
4604,ucr_ucr
4605,ucsb
4606,ucsd
4607,ucsd_cse
4608,udp
4609,uidaho
4610,uiowa
4611,uiuc
4612,uiuc_back
4613,uki
4614,ullman
4615,ultim
4616,ultrasound
4617,uma
4618,uma_updat
4619,umd
4620,umiac
4621,umich
4622,uml
4623,umn
4624,unavail
4625,unc
4626,uncertain
4627,uncertainti
4628,undergo
4629,undergrad
4630,undergradu
4631,undergradu_degre
4632,undergradu_student
4633,undergradu_studi
4634,underli
4635,understand
4636,understood
4637,undertak
4638,unif
4639,unifi
4640,uniform
4641,union
4642,uniprocessor
4643,uniqu
4644,unit
4645,unit_modifi
4646,unit_state
4647,unit_unit
4648,uniti
4649,univ
4650,univ_idaho
4651,univeristi
4652,univers
4653,univers_alabama
4654,univers_alberta
4655,univers_arizona
4656,univers_baltimor
4657,univers_california
4658,univers_colorado
4659,univers_florida
4660,univers_idaho
4661,univers_illinoi
4662,univers_iowa
4663,univers_kentucki
4664,univers_maryland
4665,univers_massachusett
4666,univers_mercer
4667,univers_mexico
4668,univers_michigan
4669,univers_minnesota
4670,univers_missouri
4671,univers_oregon
4672,univers_pennsylvania
4673,univers_pittsburgh
4674,univers_rochest
4675,univers_saskatchewan
4676,univers_southern
4677,univers_texa
4678,univers_toronto
4679,univers_utah
4680,univers_victoria
4681,univers_washington
4682,univers_waterloo
4683,univers_wisconsin
4684,universidad
4685,universit
4686,unix
4687,unknown
4688,unlik
4689,unm
4690,unpublish
4691,unstructur
4692,unsupervis_learn
4693,unusu
4694,uoregon
4695,upcom
4696,updat
4697,updat_april
4698,updat_august
4699,updat_januari
4700,updat_juli
4701,updat_nov
4702,updat_novemb
4703,updat_octob
4704,updat_sep
4705,updat_septemb
4706,updat_tue
4707,upenn
4708,upgrad
4709,upper
4710,upson
4711,upson_hall
4712,urban
4713,urbana
4714,urbana_champaign
4715,urbana_fax
4716,urc
4717,urc_grad
4718,urc_home
4719,url
4720,url_http
4721,usa
4722,usa_phone
4723,usa_tel
4724,usa_todai
4725,usabl
4726,usabl_center
4727,usag
4728,usask
4729,usc
4730,useless
4731,usenet
4732,usenix
4733,user
4734,user_guid
4735,user_interfac
4736,user_level
4737,user_manual
4738,usr
4739,usual
4740,utah
4741,utc
4742,utexa
4743,util
4744,utsa
4745,uvic
4746,vacat
4747,valid
4748,valu
4749,valuabl
4750,van
4751,vancouv
4752,vanderbilt
4753,vanderbilt_univers
4754,vari
4755,variabl
4756,variant
4757,variat
4758,varieti
4759,vassar
4760,vast
4761,vector
4762,vectra_lab
4763,vehicl
4764,vendor
4765,verif
4766,verifi
4767,version
4768,versu
4769,vertic
4770,vhdl
4771,vice_chair
4772,vice_presid
4773,victor
4774,victor_lesser
4775,victori
4776,video
4777,video_demand
4778,view
4779,view_netscap
4780,viewer
4781,viewpoint
4782,vijai
4783,villag
4784,vin
4785,violat
4786,virginia
4787,virtual
4788,virtual_environ
4789,virtual_librari
4790,virtual_machin
4791,virtual_memori
4792,virtual_prototyp
4793,virtual_realiti
4794,virtual_tourist
4795,virtual_world
4796,visibl
4797,vision
4798,vision_robot
4799,visit
4800,visit_scholar
4801,visitor
4802,visitor_number
4803,visual
4804,vita
4805,vital
4806,vivek
4807,vladimir
4808,vldb
4809,vlsi
4810,vlsi_cad
4811,vlsi_circuit
4812,vlsi_design
4813,voic
4814,voic_fax
4815,voic_mail
4816,vol
4817,vol_decemb
4818,vol_juli
4819,vol_june
4820,vol_march
4821,volleybal
4822,volum
4823,volum_number
4824,volum_render
4825,volunt
4826,von_eicken
4827,vortex
4828,vote
4829,vrml
4830,vuse_vanderbilt
4831,wagner
4832,wai
4833,wait
4834,wait_period
4835,walk
4836,walker
4837,wall
4838,wall_street
4839,walter
4840,wan
4841,wan_na
4842,wander
4843,wang
4844,want
4845,war
4846,ward
4847,warfar
4848,warm
4849,warn
4850,warren
4851,washington
4852,wast
4853,watch
4854,water
4855,watson
4856,wave
4857,wavelet
4858,wayn
4859,weak
4860,weapon
4861,wear
4862,weather
4863,weather_forecast
4864,weaver_hall
4865,web
4866,web_browser
4867,web_counter
4868,web_page
4869,web_reprint
4870,web_server
4871,web_site
4872,webcrawl
4873,weber
4874,webmast
4875,webmast_www
4876,webpag
4877,websit
4878,webster
4879,webster_dictionari
4880,webster_roger
4881,wed
4882,wed_nov
4883,wednesdai
4884,wednesdai_decemb
4885,wednesdai_fridai
4886,wednesdai_nov
4887,wednesdai_novemb
4888,wednesdai_oct
4889,wednesdai_octob
4890,wednesdai_thursdai
4891,week
4892,week_april
4893,week_week
4894,weekli
4895,wei
4896,weight
4897,weinberg
4898,weld
4899,well_hall
4900,wen
4901,wendi
4902,wesleyan
4903,wesleyan_univers
4904,west
4905,west_dayton
4906,western
4907,wheel
4908,white
4909,whitehead
4910,wide
4911,wide_area
4912,wide_rang
4913,wide_varieti
4914,widget
4915,wife
4916,willi
4917,willi_zwaenepoel
4918,william
4919,williamson
4920,wilson
4921,win
4922,wind
4923,window
4924,window_window
4925,winner
4926,winter
4927,wire
4928,wireless
4929,wireless_network
4930,wisc
4931,wisc_offic
4932,wisc_telephon
4933,wisconsin
4934,wisconsin_wind
4935,wise
4936,wit
4937,withdraw
4938,wolman
4939,woman
4940,wonder
4941,wong
4942,wood
4943,word
4944,work
4945,work_progress
4946,workflow
4947,workload
4948,workshop
4949,workstat
4950,world
4951,world_wide
4952,worldwid
4953,worth
4954,wright
4955,write
4956,writer
4957,wrong
4958,wustl
4959,www
4960,www_educ
4961,www_http
4962,www_server
4963,xerox
4964,xiao
4965,xin
4966,xxx
4967,yahoo
4968,yale
4969,yale_univers
4970,yan
4971,yang
4972,yanni
4973,yeah
4974,year
4975,year_ago
4976,year_graduat
4977,year_phd
4978,yelick
4979,yellow_page
4980,yield
4981,yong
4982,yoo
4983,york
4984,york_buffalo
4985,york_citi
4986,york_stoni
4987,young
4988,young_investig
4989,yuan
4990,yuri
4991,zealand
4992,zhang
4993,zhao
4994,zheng
4995,zhou
4996,zhu
4997,zip
4998,zorn
4999,zpl
